Norsk,Engelsk
jeg,I
det,the
er,is
du,you
ikke,not
en,one
og,and
har,hair
vi,we
på,on
til,to
med,with
han,he
deg,you
for,for
meg,me
at,that
hva,what
den,it
så,so
som,as
kan,can
de,the
var,our
vil,want
av,of
om,about
skal,shall
men,but
et,a
her,here
ja,yes
bare,just
må,must
hun,she
dere,you
noe,something
ham,him
dette,this
min,my
nei,no
nå,now
vet,know
kom,come
der,there
din,your
ut,out
hvor,where
da,then
fra,from
oss,us
være,be
dem,them
se,see
ha,have
gjør,do
noen,some
hvis,if
ville,wanted
kommer,is coming
igjen,again
ta,toe
alle,everyone
hvorfor,why
få,few
tror,believe
hvordan,how
går,goes
alt,everything
opp,up
sa,so
ingen,no
gå,go
når,when
får,sheep
hvem,whose
seg,themselves
gjøre,do
eller,or
la,let
ser,looking
blir,becomes
takk,thanks
bli,become
hadde,had
bra,Good
si,say
denne,this
henne,her
inn,in
litt,a little
etter,after
kunne,could
vel,well
jo,Yes
to,two
skulle,should have
ved,by
aldri,never
hei,Hello
tilbake,back
over,above
kanskje,maybe
ble,became
hvad,what
god,good
man,Mon
også,also
selv,self
nok,enough
sier,says
mig,me
før,for
ok,okay
dig,you
hans,his
gi,give
sammen,together
godt,well
gang,time
ned,down
trenger,need
tar,takes
mer,more
dag,day
vært,been
mitt,mine
mine,mine
gjorde,did
mye,a lot
andre,others
sett,set
helt,hero
vær,weather
siden,since
hele,all
enn,than
år,year
ditt,yours
komme,come
deres,their
mr,Mr
hold,hold
af,of
mann,man
fordi,because
fikk,got
mot,against
dine,yours
far,father
mener,mean
vent,wait
faen,the hell
ting,thing
tre,three
gjort,done
snakke,talk
mange,many
greit,okay
folk,folk
hjem,home
liker,like
sant,true
tid,time
rett,straight
dra,drag
alltid,always
sir,sir
sånn,like that
lkke,I don't
unnskyld,Pardon
morgen,morning
bedre,better
virkelig,really
elsker,love
tok,took
burde,should
vår,our
nu,now
hit,here
uten,without
veldig,very
død,death
finne,find
beklager,sorry
mor,tender
står,stands
livet,life
trodde,believed
ingenting,nothing
snakker,speaks
sin,his
akkurat,just
gikk,walked
kveld,evening
nej,no
samme,same
første,first
hør,listen
kjenner,know
ute,out
hjelpe,help
disse,these
sted,place
vite,know
gud,God
klar,clear
slik,such
noget,something
visste,knew
lenge,for a long time
forstår,understand
skjer,happens
pa,on
hjelp,help
under,under
fint,fine
eneste,only
gir,gives
holder,holder
vei,road
siste,last
bilen,the car
liv,life
hallo,hello
tro,believe
feil,error
snill,kind
heter,called
okay,okay
hver,each
veien,the road
høre,hear
verden,world
døde,died
tak,roof
én,one
prøver,samples
snart,soon
herregud,OMG
barn,children
pappa,dad
helvete,hell
holde,hold
rundt,round
hører,listen
redd,afraid
blitt,became
penger,money
husker,remember
stor,big
hos,at
drepe,kill
dit,there
venn,friend
mamma,mom
borte,gone
først,first
hennes,her
lille,little
fant,found
sikkert,certainly
heller,rather
beste,best
sikker,secure
visst,sure
tiden,the time
drar,leaves
slutt,end
bort,away
fem,five
ud,out
os,us
like,like
inne,in
annet,other
dø,die
flere,several
tatt,taken
bør,should
fått,received
ga,go
vekk,away
store,big
gjerne,happily
finner,finds
hørte,heard
fortelle,tell
skjedde,happened
våre,ours
nye,new
glad,happy
minutter,minutes
måtte,had to
neste,next
orden,order
navn,name
faren,the father
alene,alone
pengene,the money
have,garden
mannen,the man
annen,other
sagt,said
venner,friends
betyr,means
ellers,else
gamle,old
ny,new
gjennom,through
venter,waiting
derfor,therefore
menn,men
synes,seems
lei,sorry
liten,small
lenger,longer
unna,away
hatt,hat
stille,quiet
dr,dr
gør,do
fire,four
klarer,manages
langt,far
ennå,yet
skjønner,understand
gutt,boy
par,couple
slå,hit
klart,clear
føler,feel
ett,one
herfra,from here
engang,once
meget,a lot
sitt,sit
flott,great
hørt,heard
natt,night
gode,good
dagen,the day
dager,days
politiet,the police
senere,later
hjemme,at home
faktisk,actual
kjære,dear
byen,city
ti,ten
håper,hope
fort,fast
dollar,dollars
ganger,times
galt,wrong
begge,both
nesten,almost
tenkte,thought
virker,works
lige,straight
klare,manage
jobb,job
mens,while
hvilken,which
jævla,damn
snakket,talked
bak,behind
ferdig,finished
pokker,damn
be,pray
slags,kind
huset,the house
hodet,the head
vise,show
jobben,the job
fyr,Lighthouse
tenk,think
stedet,the place
prøve,try
skyld,fault
op,up
gammel,old
dør,door
grunn,superficial
drept,killed
ringer,calls
lad,charge
allerede,already
john,John
rolig,calm
dårlig,bad
kommet,arrived
kun,only
kaptein,captain
vårt,ours
gøre,do
ei,a
hende,her
jack,jack
tii,shut up
hverandre,each other
begynner,begins
jobber,works
sine,theirs
mennesker,human beings
hyggelig,nice
ønsker,wishes
helst,preferably
drepte,killed
del,share
bor,lives
fortell,tell
ligger,is located
ord,word
timer,hours
tenker,thinking
fortsatt,still
slipp,let go
egen,own
stå,stand
funnet,found
fyren,the guy
vente,wait
mi,mi
kvinne,woman
spiller,player
øyeblikk,moment
ganske,pretty
slapp,relaxed
måte,manner
seks,six
tenkt,thought
stopp,stop
nettopp,exactly
sånt,that sort of thing
møte,Meeting
velkommen,welcome
riktig,correct
kone,wife
stemmer,votes
glem,forget
mistet,lost
sig,himself
sønn,son
ses,seen
spise,eat
nede,down
jente,girl
redde,save
di,you
problem,problem
gutten,the boy
familien,the family
spør,traces
fin,fine
vanskelig,difficult
selvfølgelig,of course
ring,ring
bruke,use
legg,lay
leve,live
gått,walked
problemer,problems
kjeft,shut up
tenke,imagine
fortalte,told
spille,play
lang,long
jenta,the girl
lett,easy
oppe,upstairs
sent,late
moren,the mother
sitter,sitting
ba,asked
all,all
ringe,ring
gutter,boys
sagde,said
videre,further
ber,pray
bil,car
lever,liver
saken,the case
tilbage,back
full,full
ro,rest
nytt,new
havde,had
viktig,important
bliver,stays
åh,oh
pass,passport
hente,get
fast,solid
mat,food
new,new
setter,sets
prøv,try
uansett,regardless
mellom,between
dreper,kills
åpne,to open
treffe,hit
herr,Mr
fly,fly
fred,peace
dro,left
best,best
tur,trip
efter,after
spørsmål,questions
stort,large
prøvde,tried
fantastisk,fantastic
miss,miss
fremdeles,still
hus,House
holdt,held
utrolig,incredible
hej,hi
fri,free
fram,forth
side,page
syns,visible
skje,happen
resten,the rest
egentlig,actually
familie,family
navnet,the name
tom,empty
finnes,exists
hater,hate
bror,brother
sette,set
kjører,driving
utenfor,outside
tv,tv
forsiktig,careful
måske,perhaps
enda,yet
hvert,each
imot,against
mest,most
gal,crazy
mulig,possible
lar,thigh
kaller,calls
mit,mine
satt,sat
sam,together
tusen,thousand
bruker,User
kjøre,drive
time,hour
straks,soon
mere,more
rommet,the room
mindre,less
mrs,Mrs
skjedd,happened
unge,young
selvsagt,of course
spørre,ask
øynene,the eyes
uke,week
lidt,a little
plass,place
løp,run
gangen,the hallway
vann,water
aldrig,never
skolen,the school
foran,in front of
kona,the wife
nogen,somebody
ønske,desire
driver,driver
nødt,need
sjanse,chance
snakk,talk
vis,show
lite,little
siger,says
ind,ind
altså,therefore
vondt,hurt
lære,learn
gift,married
passer,fits
landet,the country
høres,is heard
nummer,number
herrer,gentlemen
lyst,want
kvinner,women
lover,promises
michael,michael
rom,room
an,an
damer,ladies
harry,harry
begynte,began
været,the weather
dum,dumb
ekte,genuine
dritt,crap
idé,idea
huske,remember
idiot,idiot
fins,exists
ringte,called
måneder,months
aner,ancestor
hendene,the hands
lykke,happiness
perfekt,perfect
lov,law
historie,history
våpen,arms
lngen,No one
svært,very
bryr,care
kjent,known
betale,pay
vores,ours
jobbet,worked
svar,answer
lage,make
stoppe,stop
ventet,waited
sove,sleep
sådan,like that
mente,meant
gitt,granted
the,the
små,small
venstre,left
slår,hits
farvel,goodbye
igen,again
vii,vii
na,now
mand,man
charlie,Charlie
tale,speech
blod,blood
rart,strange
fortsett,continue
ma,Ma
hjelper,helps
tager,takes
sender,sends
land,country
laget,made
herre,master
hent,picked up
hånd,hand
viser,shows
spiser,eats
sannheten,the truth
finn,find
kjør,drive
ben,legs
handler,acts
undskyld,sorry
fortalt,told
reise,travel
york,york
valg,choice
tidlig,early
jer,you guys
bruk,use
stund,while
blev,became
skai,skai
skrive,write
tide,time
morsomt,funny
datter,daughter
skyte,shoot
kort,card
husk,remember
jobbe,work
skyt,shoot
frank,Frank
stadig,ever
vennen,the friend
foregår,takes place
doktor,doctor
uker,weeks
kjøpe,purchase
live,live
middag,dinner
lager,storage
henter,retrieving
millioner,millions
legge,lay
broren,the brother
kaffe,coffee
synd,sin
sitte,sit
forstå,understand
barna,the children
telefonen,the phone
masse,a lot
george,george
kjærlighet,love
by,city
peter,Peter
sendte,sent
kjente,knew
verre,worse
følge,follow
rør,tube
begynne,begin
slo,beat
skynd,hurry up
sønnen,the son
tage,take
tjeneste,service
jøss,geez
vakker,beautiful
sige,say
ung,young
væk,away
likte,liked
døren,the door
gifte,marry
sende,send
hardt,hard
skikkelig,properly
frem,forth
skyter,shoots
sex,sex
skutt,shot
laver,leaves
nær,near
syk,sick
stikker,sticks
ille,bad
gjelder,applies
betaler,Pays
sekunder,seconds
bord,table
elsket,loved
farlig,dangerous
høyre,right
problemet,the problem
klarte,was able to
forteller,says
drikke,drink
eget,own
lese,read
sist,last
behøver,needs
general,general
tidligere,earlier
intet,nothing
krig,war
fall,fall
stikke,sting
måten,the way
hen,there
føles,feels
pris,price
hjertet,the heart
blive,stay
følger,following
reddet,saved
klokka,the clock
døra,the door
jenter,girls
leter,looking
bo,stay
større,bigger
forklare,explain
avtale,deal
sint,angry
likevel,Nevertheless
svarte,answered
onkel,uncle
fare,danger
søster,sister
krigen,the war
sak,case
david,David
baby,baby
forbi,past
slipper,lets go
bekymret,worried
gratulerer,congratulations
rette,correct
dame,lady
nogle,some
drittsekk,shit
følg,follow
fengsel,jail
skade,Damage
klokken,the clock
lege,doctor
kl,at
enkelt,single
slippe,let go
åtte,eight
egne,own
skipet,the ship
hjerte,heart
særlig,especially
drink,drink
menneske,human
endelig,finally
skjøt,shot
slåss,fight
spurte,asked
største,biggest
tog,train
stole,trust
ofte,often
døden,death
glemte,Forgot
sendt,sent
sover,sleeping
natten,the night
skylder,owes
james,James
beskytte,protect
umulig,impossible
ærlig,honest
send,send
end,end
hvilket,which
slutte,quit
fik,got
leder,manager
ordre,order
passe,fit
ansiktet,the face
sto,stood
vare,commodity
steder,places
født,born
flink,good
falt,fell
traff,hit
tag,roof
vant,won
flyet,the plane
skrev,wrote
kamp,match
dyr,animal
hvite,white
råd,advice
historien,the story
sjekk,check
legger,lays
lide,suffer
beskjed,message
prate,talk
fanden,the hell
plan,plan
svart,black
stolt,proud
ni,nine
lys,light
stikk,stick
kastet,threw
vinner,winner
lot,lot
guds,God's
meter,meters
føle,feel
skriver,write
sjef,boss
brukte,used
verdens,of the world
fortsette,continue
mister,losing
ordne,fix
person,person
skatt,tax
høyt,loud
spill,game
pistolen,the gun
nydelig,gorgeous
kutt,cut
øl,beer
mike,Mike
paris,Paris
sjefen,the boss
vannet,the water
kompis,Buddy
tingene,the things
pent,pretty
skaffe,provide
forhold,relationship
glemt,forgotten
midt,middle
paul,Paul
ære,honor
verdt,worth
lurer,wondering
kontakt,contact
kvelden,the evening
drøm,dream
flytte,move
overalt,everywhere
ræva,ass
hånden,the hand
kontoret,the office
elske,love
lå,lay
glemme,forget
trengte,needed
fa,few
dumme,stupid
brug,use
løs,loose
fest,feast
alvorlig,serious
aften,evening
vinne,win
miste,loose
barnet,the child
hr,Mr
bob,bob
smart,smart
drep,kill
lærer,teacher
lukk,close
skadet,hurt
lyver,lying
antar,guess
rolle,role
stoler,chairs
stans,stop
opptatt,busy
ønsket,wished
film,film
johnny,johnny
lykkelig,happy
sulten,hungry
ryggen,the back
agent,agent
vanlig,usual
altid,always
forstått,understood
ødelagt,broken
tony,Tony
annerledes,different
noensinne,ever
snu,turn around
joe,joe
absolutt,absolutely
sov,slept
satte,put
bill,bill
ødelegge,destroy
halv,half
øye,eye
spesielt,special
mennene,The men
sju,seven
hender,hands
forelsket,in love
lurte,wondered
interessant,interesting
foreldrene,parents
gave,gift
søt,sweet
vennene,the friends
levende,alive
lyset,the light
planen,the plan
hund,dog
anden,duck
finde,find
jaså,yes
dumt,stupid
reiser,travels
ligge,lie
savner,miss
sykehuset,the hospital
ringen,the ring
raskt,quickly
sjekke,check
ene,one
sterk,strong
filmen,the movie
kender,kender
mening,opinion
dessverre,unfortunately
slikt,such
professor,professor
nar,when
kaste,throw
jimmy,jimmy
lag,layer
gøy,fun
fanget,caught
pen,pretty
løytnant,lieutenant
merkelig,strange
amerika,America
kroppen,the body
bilde,picture
sprø,crazy
kalle,call
kampen,the match
max,max
drikker,drinks
jorden,the earth
sjansen,the chance
plutselig,sudden
kjørte,ran
øyne,eyes
ret,right
fru,Mrs
brukt,used
skål,toast
syntes,seemed
telefon,telephone
enig,agreed
lærte,learned
jake,jacket
heldig,lucky
deler,parts
hjælpe,help
kaster,throws
greier,things
folkens,guys
jesus,jesus
prøvd,tried
skip,ship
håret,the hair
kast,throw
lagt,laid
himmelen,the sky
kyss,kiss
arbeid,work
skrevet,written
ligner,looks like
advokat,lawyer
jul,Christmas
respekt,respect
talt,spoken
hopp,jump
maten,the food
interessert,interested
spor,traces
trekk,traits
gar,gar
fleste,most
tredje,third
innen,within
pistol,pistol
stakkars,poor
lært,learned
datteren,the daughter
fortsetter,continues
kvinnen,the woman
eier,owner
kjæresten,the girlfriend
jævel,damn
tuller,jokes
fortjener,deserves
stjal,stole
giv,give
gerne,willingly
minste,smallest
konge,king
savnet,missing
nærmere,closer
hey,hey
vide,knew
oberst,colonel
personlig,personal
møtt,met
båten,the boat
selge,sell
blå,blue
kontroll,control
frue,Madam
set,seen
tilgi,forgive
ven,friend
skat,honey
billy,billy
het,hot
danse,dance
både,both
måned,month
stol,chair
flytt,move
troede,believed
nyheter,news
verste,worst
bekymre,worry
ray,ray
betalt,paid
kult,cool
bevis,proof
hår,hair
sker,happens
vej,road
fine,fine
munnen,the mouth
taler,speaker
frøken,miss
blant,among
saker,matters
fører,leading
vaere,be
slått,beaten
starter,starts
tegn,signs
hjernen,the brain
omkring,about
bok,book
viste,knew
området,the area
fars,father's
lukter,smells
svin,swine
gav,gave
flyttet,moved
kjøpte,bought
følte,felt
etterpå,afterwards
vakkert,beautiful
hunden,the dog
forlate,leave
forandret,changed
hjalp,helped
morges,in the morning
legen,the doctor
lik,equal
president,president
vist,shown
fange,prisoner
frisk,fresh
engelsk,English
bestemt,specific
mary,mary
selger,seller
toget,the train
hvilke,which ones
forrige,previous
stemme,voice
ekstra,extra
vinduet,the window
slike,such
mangler,missing
slutter,ends
bad,bath
ordentlig,proper
bordet,the table
ungene,the kids
glede,happiness
usa,usa
tjener,servant
fungerer,works
karer,guys
velge,select
lyder,sounds
leke,play
takke,thank
møtes,meet
ordner,arranges
moro,fun
kvitt,Quit
truffet,hit
sarah,Sarah
sluttet,ended
bedt,asked
pleide,used to
merke,brand
taket,the ceiling
iblant,occasionally
hel,whole
ferdige,finished
bobby,bobby
hendes,hers
greia,the thing
vidste,knew
dean,dean
øya,the island
bortsett,except
spist,eaten
drømmer,dreams
kongen,the king
retten,the court
vennligst,please
makt,power
brev,letter
uden,without
hjælp,help
seng,bed
politi,police
glemmer,forgets
london,london
gjor,do
enten,either
km,km
stopper,stops
stykker,pieces
arbeidet,the work
danny,danny
stakk,stuck
starte,start
såret,the wound
tjene,serve
herren,the gentleman
sang,song
dele,share
ren,pure
jentene,the girls
gik,went
angrep,attack
festen,the party
bilder,pictures
ringt,called
slutten,the end
lest,read
kalte,called
klær,clothes
bildet,the picture
onde,evil
enhver,anyone
elskling,Darling
kate,Kate
faller,falls
dypt,deep
musikk,music
fbi,fbi
bry,bother
frokost,breakfast
leser,reader
årene,the years
synge,sing
spilte,played
besøk,visit
møter,meetings
slag,punch
te,tea
nervøs,jumpy
varmt,hot
unger,children
dritten,the shit
nummeret,the number
forresten,by the way
bar,bar
ordet,the word
kapteinen,the captain
sidste,last
naturligvis,naturally
tilhører,belongs to
kjøper,buyer
penge,money
dårlige,bad
kjempe,giant
liksom,like
gravid,pregnant
virket,worked
stop,stop
type,type
omtrent,approximately
trygg,safe
give,give
lurt,wise
styrke,strength
alex,alex
høy,high
adjø,goodbye
menneskene,the humans
gutta,the boys
mål,goal
kamerat,comrade
typen,the type
valgte,chose
varm,warm
mord,murder
ende,end
sverger,swear
amerikanske,American
eddie,eddie
forferdelig,terrible
san,San
gata,street
armen,the arm
hundre,hundred
al,eel
lunsj,lunch
st,St
jim,Jim
unnskyldning,apology
taper,loser
låne,borrow
vakre,beautiful
jeres,yours
fullt,full
robert,robert
nærheten,close by
beina,the legs
klærne,the clothes
høyere,higher
gratis,free
trist,sad
andet,other
mod,mod
mester,champion
svare,respond
kjæreste,girlfriend
bank,bank
håp,hope
inntil,up to
selskap,company
nøyaktig,exact
sikre,ensure
derfra,from there
trøbbel,trouble
stand,condition
røde,Red
rent,clean
martin,martin
andy,andy
poenget,the point
bestemmer,decides
prater,talking
is,ice
sjekket,checked
tommy,Tommy
spis,eat
krever,requires
dave,deaf
inni,inside
bruge,use
thomas,Thomas
sann,like that
fortælle,tell
richard,Richard
blevet,became
begynt,begun
minst,smallest
tull,nonsense
henry,Henry
spillet,the game
nøkkelen,the key
hvit,white
arbejde,work
overraskelse,surprise
startet,started
koster,costs
fryktelig,terribly
kontor,office
nødvendig,necessary
betjent,valet
kaldt,cold
forsvant,disappeared
rød,Red
trenge,need
elskede,beloved
hotellet,the hotel
jerry,Jerry
hest,horse
maria,Maria
bakken,the ground
fart,speed
altfor,too much
chuck,chuck
innom,stop by
boken,the book
stjålet,stolen
føre,lead
flaks,luck
reis,trip
blåser,blows
direkte,direct
anna,another
minner,memories
våkne,wake
kall,call
deilig,delicious
følelser,feelings
ansvar,responsibility
presidenten,the president
street,street
møtte,met
giver,gives
chris,chris
ungen,the kid
dekk,deck
forsvinn,disappear
skete,happened
beholde,keep
overleve,survive
håpet,the hope
rører,stirring
åpner,opens
mora,mother
vilje,will
bedste,the best
le,laugh
søsteren,the sister
start,start
spiste,ate
støtte,support
rene,clean
trygt,safe
minutt,minute
ender,ducks
nærmer,approaching
bevise,prove
pleier,carer
flyr,flies
forandre,change
vakt,guard
hemmelig,secret
sersjant,sergeant
folket,the people
fanken,the fuck
major,major
red,ed
ansikt,face
morder,killer
trekke,draw
lovet,promised
svaret,the answer
vill,wild
sånne,like that
forlot,left
folkene,the people
nord,north
systemet,the system
flytter,moving
toppen,the top
likt,liked
utmerket,excellent
william,william
bytte,Exchange
form,shape
oppdaget,discovered
fikse,fix
havet,the sea
målet,the target
gale,crazy
hæren,the army
normalt,normally
glipp,miss
fisk,fish
sees,See you
lete,search
spørsmålet,the question
sikkerhet,Safety
leste,read
vin,wine
ulykke,accident
endnu,yet
kjenne,feel
dommer,judge
dama,the lady
bestemor,grandmother
frodo,frodo
herlig,lovely
brenner,burning
gleder,pleases
smerte,pain
dan,dan
sjekker,checks
løpe,run
will,will
kirken,the church
jævlig,damn
ondt,evil
guttene,the boys
trekker,pulls
soldater,soldiers
rose,rose
måde,way
frykt,fear
dratt,dragged
året,the year
dessuten,Furthermore
glass,glass
løy,lied
stoppet,stopped
million,million
knapt,barely
grunnen,reason
treffer,meeting
meningen,the meaning
fandt,found
eksempel,Example
gulvet,the floor
farten,the speed
informasjon,information
hendte,happened
munn,mouth
bære,carry
bygge,build
nick,nick
mark,Mark
reglene,the rules
topp,top
ihjel,to death
længe,for a long time
syv,seven
skole,school
natta,the night
hore,hear
kysse,kiss
viiie,viii
england,England
hull,hole
tilfelle,case
ødelegger,destroys
ild,fire
javel,Oh well
forsøk,attempt
blodet,the blood
do,die
skriv,write
claire,Claire
aiie,ayee
sur,sour
leiligheten,the apartment
fremtiden,the future
kalles,is called
stein,stone
hedder,is called
velger,chooses
ler,laughing
selvmord,suicide
skudd,shot
stengt,closed
tanken,the idea
arrestert,arrested
hils,greetings
bygningen,building
no,no
spennende,exciting
løgn,lie
roger,roger
kurs,course
unngå,avoid
hvile,rest
sykehus,hospital
hoppe,jump
doc,doc
loven,the law
evig,eternal
lure,fool
kraft,Power
luft,air
nekter,refuse
sko,shoe
lette,easy
finder,finder
halsen,throat
løper,runs
jones,jones
planer,plans
giftet,married
smil,smile
morsom,funny
skyldig,guilty
orker,can bear
soldat,soldier
valgt,selected
sheriff,sheriff
lave,barn
vanlige,common
fornøyd,satisfied
sjel,soul
ait,ait
kar,dude
samlet,collected
kjøpt,bought
charles,Charles
ferie,holiday
bodde,lived
bærer,carries
veggen,the wall
sen,Late
scott,scott
våpnene,the weapons
bond,bond
lyve,lie
lagde,made
åpen,open
pige,girl
stiller,poses
begynnelsen,the beginning
eldre,older
sengen,the bed
pust,breath
åpnet,opened
gull,gold
damen,the lady
sakene,the cases
magen,the stomach
and,duck
ked,sad
stanse,stop
fader,father
overrasket,surprised
bestefar,grandfather
biler,cars
uskyldig,innocent
situasjonen,the situation
lettere,easier
båt,boat
teller,counting
bussen,the bus
washington,washington
avtalen,Agreement
hendt,happened
fulgte,followed
skjebne,fate
plager,troubles
stjele,steal
rike,rich
jane,jane
tanker,mind
søn,Sun
bange,afraid
oppdrag,assignment
fienden,the enemy
leker,toys
bråk,noise
jason,Jason
varme,heat
nr,no
regnet,the rain
betyder,means
pike,girl
overfor,opposite
arbeider,worker
mexico,mexico
fullstendig,complete
danser,dancer
love,promise
røre,stir
bii,bii
kalt,called
fikser,fix
slett,simply
strålende,glorious
hellige,holy
jorda,Earth
ettermiddag,afternoon
poeng,point
ordnet,arranged
våpenet,the weapon
ødela,destroyed
fy,damn
drit,crap
løgner,liar
titt,look
igjennom,through
tida,the time
carl,Carl
purk,sow
ryan,ryan
svarer,answers
fatter,understands
tør,dare
gjore,do
jord,earth
skader,damage
amerikansk,American
rik,rich
brødre,brothers
stykke,piece
foreldre,parents
styre,control
forretninger,Business
data,data
fredag,Friday
forlater,leaves
pause,break
kevin,kevin
myrdet,murdered
big,big
lengre,further
butikken,the store
pakke,package
vegas,Vegas
ballen,the ball
søtt,sweet
chicago,chicago
næste,next
alder,age
drap,murder
rask,fast
morgenen,morning
hesten,the horse
lade,charge
sexy,sexy
minne,remind
nåde,grace
halvt,half
walter,Walter
ikk,not
slem,naughty
larry,larry
henger,hanging
enige,agreed
california,California
les,read
iallfall,in any case
knust,broken
kald,cold
scenen,the stage
nøklene,the keys
ogsa,also
city,city
musikken,the music
partner,partner
spesiell,special
dukker,dolls
hank,handle
røyk,smoke
visse,certain
verken,neither
nemlig,in fact
college,college
senga,the bed
hilse,greet
kødder,meats
forsvinner,disappears
liket,the corpse
biir,beer
neppe,hardly
nyt,enjoy
besøke,visit
bildene,the pictures
kilo,kilo
fået,got
klasse,class
solen,the sun
skru,screw
virke,seem
oppfattet,perceived
greie,manage
blomster,flowers
skam,shame
lort,crap
ude,out
dust,jerk
boka,the book
ed,oath
søker,applicant
fulle,drunk
babyen,the baby
banken,the bank
dans,dance
kjøkkenet,the kitchen
atjeg,that I
løse,solve
tøff,tough
hær,army
tante,aunt
hemmelighet,secret
stil,style
sørge,mourn
skogen,the forest
tolv,twelve
programmet,the program
gange,walk
bud,bid
kim,Kim
fjerne,remove
ifra,from
halvparten,half
lange,long
van,habit
daniel,Daniel
løpet,the race
lede,lead
sparken,fired
puste,breathe
takket,thanked
mørke,darkness
victor,victor
bety,mean
sør,south
banen,the track
møttes,met
savne,miss
date,date
Arthur,Arthur
leilighet,apartment
rigtig,right
prisen,the price
tydeligvis,apparently
radioen,the radio
prat,talk
lufta,the air
spøk,joke
lee,lee
øyeblikket,the moment
regler,rules
solgte,sold
beinet,the leg
kule,cool
fanger,catches
etasje,story
frihet,freedom
tross,despite
behold,keep
ar,year
diskutere,discuss
mørket,the darkness
los,loose
brevet,the letter
presentere,present
betalte,paid
børn,children
passet,the pass
drikk,drink
søvn,sleep
politimann,policeman
lovte,promised
eiier,owner
vitne,witness
okei,okay
drive,drive
alan,alan
carla,Carla
bringer,brings
sørg,sorrow
låst,locked
planlagt,planned
ide,idea
angrepet,the attack
of,of
overlever,survives
kilometer,kilometer
luften,the air
karen,the fellow
hopper,jumping
skapt,created
bryter,switch
oppdraget,the assignment
steve,Steve
forvirret,confused
mors,mother's
merket,labeled
kjærligheten,the love
glade,happy
turen,the trip
endre,change
blind,blind
bryte,break
pä,on
verst,worst
synger,singing
tapt,lost
driter,crap
simon,Simon
tape,lose
privat,private
øjeblik,moment
angående,regarding
vanligvis,usually
hentet,picked up
ligesom,like
stemmen,the voice
joey,joey
regner,rains
hånda,the hand
star,stands
baren,the bar
tillatelse,permission
hjørnet,the corner
kle,dress
bein,leg
stod,stood
samle,collect
kjørt,driven
lisa,Lisa
fransk,French
hevn,vengeance
kniv,knife
forventer,expects
gjett,guess
rekker,reaches
regel,rule
bringe,bring
smak,taste
kjøtt,meat
tekst,text
,zero
tvil,doubt
texas,texas
knulle,fuck
voksen,adult
gjemme,hide
kjedelig,boring
latterlig,ridiculous
rekke,row
uka,week
samtidig,simultaneous
mulighet,possibility
toalettet,the toilet
bombe,bomb
lørdag,Saturday
tingen,the thing
begynn,begin
personer,persons
egg,egg
løfte,lift
don,Don
lincoln,lincoln
jacob,Jacob
grei,fine
helvetes,hellish
stolte,proud
kjemper,fights
fortere,faster
jævelen,the bastard
fremmede,strangers
område,area
hode,head
firmaet,the company
gjøres,is done
tja,well
rar,weird
kameraet,the camera
kødd,meat
arbeide,work
ri,ride
phil,phil
penny,penny
hard,hard
bruce,Bruce
howard,Howard
prosent,percent
mørkt,dark
kylling,chicken
vits,joke
tenner,teeth
solgt,sold
pete,pete
syn,sight
raskere,faster
flyplassen,the airport
rigtigt,right
møde,meeting
virkelige,real
delen,the part
vunnet,won
kopp,Cup
tidspunkt,point
flotte,great
knuse,smash
skaff,get
bøker,books
levere,deliver
sprøtt,crazy
søte,sweet
planeten,the planet
karene,the fellows
mandag,Monday
pas,pass
kjempet,fought
gråt,cried
våken,alert
kong,king
spar,save
modig,brave
ensom,lonely
per,per
alice,alice
mottatt,received
team,team
tanke,thought
foreslår,suggests
vest,west
ond,evil
stinker,stinks
arbejder,works
morderen,the killer
jepp,yep
feiler,fails
majestet,majesty
drømmen,the dream
press,pressure
skremmer,scares
sakte,slowly
lyden,the sound
gjeng,gang
hoppet,jumped
nøye,carefully
angeles,angels
eg,e.g
pis,piss
nakken,the neck
taget,taken
oh,oh
dagens,of today
møtet,the meeting
stjerne,star
følelse,feeling
hotell,hotel
sara,Sara
ligg,lie down
fordømte,condemned
turk,Turk
sket,happened
skjule,hide
dukket,appeared
skape,create
tviler,doubt
whisky,whisky
you,you
våkner,wakes up
vinden,the wind
viktigste,most important
rumpa,ass
vidunderlig,wonderful
edward,edward
grund,reason
panikk,panic
forskjellige,different
roy,roy
hjel,death
skoene,the shoes
adgang,access
forslag,suggestion
bryllupet,the wedding
gjemmer,hiding
byttet,changed
fundet,found
rasshøl,arsehole
havner,harbors
ålreit,eel right
foretrekker,prefer
henge,hang
sverd,sword
bestemme,decide
brian,Brian
travelt,busy
forsvinne,disappear
buksene,the pants
posisjon,position
lngenting,Nothing
trener,coach
tallet,the number
skuffet,disappointed
meste,mostly
vedder,bet
slappe,relax
dog,however
publikum,audience
badet,the bathroom
bryllup,wedding
nevnte,mentioned
kropp,body
banke,bank
dronning,queen
ansvarlig,responsible
prinsesse,princess
søndag,Sunday
hitler,Hitler
kode,code
situasjon,situation
alvor,seriously
falle,fall
ofre,sacrifice
lyd,sound
broen,the bridge
tankene,the thoughts
dreng,boy
haft,had
forsto,understood
gruppe,group
leo,leo
skremte,scared
trøtt,tired
fjern,remote
havnet,landed
bie,bee
Europa,Europe
trodd,believed
lukket,close
helvede,hell
angår,concerns
kysset,the kiss
reist,traveled
tosk,fool
forsvunnet,disappeared
au,ouch
spurt,asked
sterkere,stronger
heldige,lucky ones
lek,play
lås,lock
vaske,wash
eric,Eric
dreier,revolves
skjønte,realized
varer,goods
dage,days
fot,foot
hatten,the hat
fat,barrel
kører,running
banker,banks
våger,dares
rosa,pink
sporet,the track
roma,Rome
gifter,poisons
beskytter,protector
porten,the gate
mareritt,nightmare
PGA,BECAUSE OF
iitt,iitt
vidt,widely
kniven,the knife
ovenpå,upstairs
tider,times
dræbe,kill
fjor,last year
pasient,patient
stasjonen,the station
skaper,creates
late,pretend
adam,adam
amen,amen
beviser,proves
prins,prince
gråter,cries
forklaring,explanation
fantes,existed
leonard,Leonard
rapport,report
runde,round
elliot,elliot
avisen,the newspaper
armene,the arms
forandrer,changes
purken,the sow
hinanden,each other
matt,matt
sekund,second
offer,victim
års,year
energi,Energy
fuck,fuck
reiste,travelled
smith,smith
styrer,controls
show,show
lytter,listening
bag,bag
gammelt,old
senator,senator
grader,degrees
ca,about
ferd,journey
foten,the foot
adressen,the address
fejl,error
heit,hot
trengs,are needed
fugl,bird
flaske,bottle
smaker,flavors
kjole,dress
fortiden,currently
handle,trade
sjelen,the soul
tænkte,thought
røyker,smoking
førte,lead
papirene,the papers
cent,cent
ulovlig,illegal
grensen,the border
tett,closely
forklarer,explains
forlatt,abandoned
skatten,the tax
louis,Louis
idioter,idiots
lykkes,succeed
kamera,camera
fortæl,tell
fremmed,stranger
brenne,burn
øst,East
hvornår,when
syke,sick
skifte,shift
luke,Hatch
frankrike,France
funker,works
ante,ante
naken,naked
øyet,the eye
sød,cute
gråte,cry
aidri,aidri
lord,lord
marcus,marcus
håber,hope
ted,ted
dna,dna
helgen,the weekend
forbudt,forbidden
takker,thanks
halve,half
nyhetene,the news
june,June
brød,bread
kalde,cold
super,super
fiender,enemies
samtale,conversation
trykk,Press
sterke,powerful
erfaring,experience
sparket,fired
drev,drove
snilt,kindly
husket,remembered
hjerne,brain
drakk,drank
levde,lived
unntatt,except
hester,horses
forbanna,cursed
normal,normal
medisin,medicine
russerne,the russians
vennlig,friendly
manns,man's
vegne,on behalf of
dersom,if
later,pretending
fingrene,the fingers
cia,cia
oppfører,behaves
årsak,cause
pene,pretty
skremme,scare
rock,rock
job,job
møt,against
sterkt,strongly
kjeften,the mouth
stygg,ugly
middagen,the dinner
julie,July
post,mail
filmer,Movies
veier,roads
felle,trap
hagen,the garden
fengselet,the prison
forsvare,defend
hellere,rather
elendig,awful
morgan,tomorrow
eks,e.g
viktige,important
anelse,clue
stoff,fabric
bomben,the bomb
framtiden,the future
seriøst,seriously
mac,mac
kul,cool
længere,longer
stranden,the beach
dekket,covered
liste,list
dekning,coverage
perfekte,perfect
samtalen,the conversation
elva,the river
skritt,step
satan,Satan
pratet,chatted
eventyr,fairytale
gjentar,repeats
vold,violence
beveger,moves
grønne,green
kjolen,the dress
chance,chance
feire,celebrate
vokste,grew
vokser,is growing
teknisk,technical
uvanlig,unusual
skilt,divorced
velsigne,bless
rettferdig,fair
gået,gone
søren,the south
kjøp,buy
årevis,for years
skapte,created
wayne,wayne
merker,brands
hurtigt,quickly
tennene,the teeth
ekteskap,marriage
snille,kind
tapte,lost
smerten,the pain
potter,pots
dekker,covers
bliv,stay
imponerende,impressive
jag,me
miller,miller
sider,sides
klubben,the club
føttene,the feet
tomme,empty
ann,etc
katt,cat
wilson,wilson
dens,its
sandt,true
staten,the state
sammy,sammy
ombord,on board
bestemte,decided
hatet,hated
skjønne,understand
mil,miles
regne,rain
eksisterer,exists
drømte,dreamed
cole,cole
forestille,imagine
still,still
ifølge,according to
retning,direction
spørgsmål,questions
skaffer,provides
angriper,attacking
gårde,farm
listen,the list
regjeringen,the government
lader,charger
snakkes,is spoken
våknet,woke up
showet,the show
bit,bit
mars,March
media,media
hestene,the horses
fjernet,removed
leger,Doctors
vettet,the wits
hunder,dogs
bygger,builds
brutt,broken
spilt,played
signal,signal
jenny,jenny
kvinde,woman
biter,bites
operasjon,operation
enkel,simple
hindre,stop
lucy,lucy
dop,dope
lavt,low
champagne,champagne
flykte,escape
behandlet,treated
kontrollere,control
kjekk,handsome
tiibake,ten back
skjebnen,fate
ske,happen
ansvaret,responsibility
in,in
jammen,damn
falsk,false
køre,drive
avslutte,terminate
endret,changed
doug,doug
tøft,tough
felles,common
brøt,broke
vaktene,the guards
færdig,done
delta,participate
river,tears
avstand,distance
drømme,dream
fulgt,followed
dyktig,skilled
tyskerne,the Germans
forstyrrer,disturbs
tomt,empty
takle,cope
verd,worth
stjeler,steals
torsdag,Thursday
advarsel,warning
svinet,the pig
erik,Erik
fortjent,deserved
tyv,thief
forskjell,difference
rocky,rocky
vaert,been
kæft,shut up
sjovt,funny
radio,radio
jomfru,Virgin
høyhet,highness
melk,milk
nigger,nigger
sovet,slept
rapporten,the report
sæt,set
vender,turns
jakt,hunt
fjerde,fourth
park,park
fungere,function
plikt,duty
engel,angel
kjelleren,the basement
lady,lady
drukket,drank
rødt,red
falske,fake
sangen,the song
skapet,the closet
offentlig,public
advokaten,the lawyer
størrelse,size
el,el
typisk,typical
monsieur,Monsieur
innenfor,within
glimrende,brilliant
via,via
high,high
kortet,the card
bravo,bravo
uken,the week
mirakel,miracle
spre,spread
månen,the moon
dekke,cover
naturlig,natural
kelly,kelly
fjellet,the mountain
susan,Susan
vejen,the road
latt,laughed
skuiie,scooty
johnson,Johnson
beskjeden,modest
tydelig,clearly
rømme,sour cream
slet,struggled
pressen,press
tyler,tyler
inden,within
nogensinde,ever
sjokolade,chocolate
miles,miles
com,com
fotball,soccer
flot,nice
sies,is said
løsning,solution
gjenta,repeat
selskapet,the company
tilbud,offer
imod,against
nytte,utility
historier,stories
djevelen,the devil
midten,the middle
ordrer,orders
fryser,freezes
gjester,guests
personen,the person
allikevel,anyway
pizza,pizza
annie,Annie
vokse,grow
personlige,personal
sjalu,jealous
inde,inside
svak,weak
bensin,gasoline
damene,the ladies
leiren,the camp
geni,genius
ordene,the words
monster,pattern
langs,along
evner,abilities
vaer,weather
uhell,accident
pund,pound
fantastiske,fantastic
grav,grave
brent,burned
koden,the code
taxi,taxi
skjønt,though
francisco,Francisco
forberedt,prepared
truet,threatened
keiseren,the emperor
parker,parks
kvinnene,the women
hemmelige,secret
sjelden,rare
takknemlig,grateful
forsøker,trying
skylden,the blame
fbl,fbl
dømt,convicted
vende,turn
alarm,alarm
korrekt,correct
dagene,the days
nylig,recently
brukes,is used
kostet,the cost
behov,need
slemme,naughty
behandler,treats
sannsynligvis,probably
carter,carter
blås,blow
gaten,the street
plassen,place
gordon,gordon
åssen,the hill
harold,Harold
fiende,enemy
magi,magic
nesen,the nose
rydde,tidy
fløy,flew
sort,black
løb,ran
stygt,ugly
elven,the river
jean,jean
mænd,men
grave,dig
døende,dying
villig,willing
bygget,built
forbindelse,connection
nesa,nose
ørkenen,the desert
håpe,hope
vilt,wildly
wow,wow
krefter,forces
skuespiller,actor
forsøkte,tried
forholdet,the relationship
stan,stan
næsten,almost
plage,bother
tåler,tolerates
framme,forward
brødrene,the brothers
dollars,dollars
laura,laura
program,program
hjulpet,helped
linje,line
dronningen,the queen
ranet,robbed
Rachel,Rachel
følelsen,feeling
fakta,facts
jeff,Jeff
rare,weird
pluss,plus
maggie,Maggie
banket,knocked
charlotte,charlotte
samler,collects
hud,skin
pr,per
oi,oh
måter,ways
skjult,hidden
kæreste,girlfriend
svømme,swim
frykter,fear
kriger,Warrior
drosje,taxi
stilig,cool
voksne,adults
klem,Hug
sean,Sean
terry,terry
okey,okay
helsike,healthy
regn,rain
urolig,uneasy
restaurant,restaurant
faens,damn it
røyke,smoke
oppmerksomhet,attention
gjemt,hidden
junior,junior
gjengen,the gang
komplisert,complicated
brystet,the chest
behandle,treat
trygge,safe
fikset,fixed
tim,hour
humør,mood
spider,spider
ethan,ethane
hullet,the hole
hustru,wife
tap,loss
nære,close
treffes,meet
sorte,black
horer,listen
gris,pig
kake,cake
hjelpen,the help
overhodet,whatsoever
gudene,the gods
supert,Super
tyskland,Germany
skaffet,acquired
spare,save
prest,priest
rådet,the council
seier,victory
grunner,Reasons
redder,saves
invitert,invited
mistenkte,suspects
lytte,listen
tænker,thinking
øg,and
enden,the end
sykdom,disease
roper,shouts
maskinen,the machine
slap,relax
riktige,correct
fatt,understand
omgang,session
fritt,freely
totalt,in total
stolen,the chair
vekke,wake up
lykkelige,happy
smake,taste
kopi,copy
høye,high
stått,stood
let,easy
utstyret,the equipment
farge,Colour
språk,language
oppgave,task
myndighetene,the authorities
kler,clothes
sheriffen,the sheriff
løft,boost
angripe,attack
onkelen,the uncle
menneskelig,human
operasjonen,the operation
greg,greg
heisen,the elevator
villet,wanted
romantisk,romantic
pikken,the dick
avdeling,department
ørene,the ears
storm,storm
tirsdag,Tuesday
bane,lane
nivå,level
evan,Evan
eiendom,property
ment,intended
våkn,awake
endte,ended
hill,hill
black,black
viss,certain
fylt,filled
landsbyen,the village
medlem,member
blør,bleeds
bekreftet,confirmed
indre,inner
følt,felt
deretter,thereafter
forsinket,delayed
restauranten,the restaurant
ligget,lay
trakk,pulled
florida,Florida
sanne,true
drittsekken,the shit
overlevde,survived
norwegian,Norwegian
dørene,the doors
marty,Marty
bånd,band
gjette,guess
sviktet,betrayed
kofferten,the briefcase
melding,Message
sverdet,the sword
temmelig,rather
heldigvis,Luckily
patrick,patrick
talte,spoke
sonny,sonny
båndet,the tape
æren,credit
fælt,awful
mannskapet,the crew
gudskjelov,thank god
tall,number
rotet,the mess
berømt,famous
dobbelt,double
amerikanere,Americans
enkelte,individual
skide,shit
fortæller,narrator
hader,hate
ånd,spirit
lekker,delicious
stig,rise
helen,Helen
boston,boston
papir,paper
indtil,until
treet,the tree
bekymrer,worries
kartet,the map
skjuler,hides
bøkene,the books
livs,of life
uskyldige,innocent
lær,leather
beholder,container
tungt,heavy
hat,hate
presset,pressed
bla,blue
billig,cheap
involvert,involved
skitne,dirty
strømmen,the electricity
sørger,mourns
pasienten,the patient
åpenbart,obviously
harvey,harvey
valget,the election
trett,tired
undersøke,survey
pusten,the breath
stenger,rods
ledig,available
seiv,strong
nærmeste,nearest
aller,ever
hysj,hush
dommeren,the judge
gjeld,debt
sid,p
ideer,ideas
tysk,German
jackie,jackie
voyager,Voyager
timen,the hour
bodd,lived
beskyttelse,protection
kina,China
gården,the farm
harjeg,have I
parken,the park
tyske,German
ansatte,employees
spesielle,special
innrømme,admit
signalet,the signal
king,king
billetter,tickets
sprenge,blow up
ball,ball
agenter,agents
lokale,local
papirer,papers
huden,the skin
fylle,fill
lavet,made
talent,talent
hav,ocean
bilene,the cars
karriere,career
mus,mouse
ad,ad
fan,fan
tænk,think
beskyttet,protected
homse,gay
west,west
levd,lived
virkeligheten,reality
miami,Miami
universitetet,the university
kino,cinema
sving,turn
forsvar,defense
folka,the people
gjest,guest
frivillig,voluntary
ført,fast
sukker,sugar
partneren,the partner
sola,the sun
stygge,ugly
andres,someone else's
yngre,younger
skynde,hurry
lo,laughed
hvil,rest
christian,Christian
katten,the cat
ellie,Ellie
hollywood,hollywood
unnskylde,excuse
bella,bella
dræbte,killed
øen,the island
sofaen,the sofa
utsatt,exposed
jan,Jan
selve,itself
knuste,crushed
trynet,the muzzle
vitner,witnesses
styr,rule
eksamen,exam
test,test
linda,linda
krav,claim
veit,know
sgu,ugh
hell,fortunately
underlig,strange
sengs,bed
rick,rick
kunst,art
teddy,teddy
gjemte,hid
kontanter,cash
amy,Amy
www,www
igennem,through
brukket,broken
stilling,score
hjemmet,the home
greiene,the stuff
re,re
kutte,cut
begravelse,funeral
sommer,summer
viktigere,more important
piger,girls
nina,Nina
mennesket,the human being
dukke,doll
ukjent,unknown
interesse,interest
me,me
hovedet,the head
adresse,address
opplysninger,information
velg,choose
utro,unfaithful
åpent,open
jordan,Jordan
planet,planet
akter,aft
skjønnhet,beauty
forskjellen,the difference
kommandør,commander
øyeblikkelig,immediately
bestille,order
katie,Katie
suger,sucks
sheldon,sheldon
rir,rides
angre,regret
skar,cut
japan,Japan
hemmeligheter,secrets
rigtige,right
broder,brother
system,system
ran,robbery
slaget,the battle
nektet,denied
he,huh
farlige,dangerous
melde,report
sit,sit
skifter,shifts
afrika,Africa
marie,Mary
pakket,packed
narkotika,drugs
my,my
mad,food
kraftig,powerful
snur,turns
punkt,point
rad,advice
service,service
russiske,Russian
sjanser,chances
rive,tear
ken,ken
tænke,think
puster,breathe
matte,had to
smule,crumb
øre,ear
sittet,sat
rasende,furious
sår,wound
berømte,famous
muligheten,the opportunity
gass,gas
drømt,dreamed
gaver,gifts
pakk,package
buret,the cage
beth,beth
erjeg,am I
kraften,the power
jackson,jackson
rørt,touched
fett,fat
doktoren,the doctor
sommeren,the summer
stenge,close
homer,homer
karl,man
greide,managed
langsomt,slowly
sta,stubborn
triks,trick
blaffen,the hitchhiking
ekkelt,disgusting
våben,weapons
lav,low
hvitt,white
nøkkel,key
kaffen,the coffee
kuttet,cut
tullet,bullshit
handlet,shopped
lider,suffers
lou,Lou
sidder,sitting
likner,resembles
klatre,climb
takler,copes
oktober,October
moderne,modern
sparke,kick
dallas,dallas
knuller,fucking
anthony,anthony
skjære,cut
galskap,madness
advare,warn
respekterer,respects
emma,Emma
sagen,the case
onsdag,Wednesday
cæsar,Caesar
sjøen,the sea
ens,same
brann,fire
muligheter,possibilities
starten,the start
muligens,possibly
pinlig,embarrassing
folks,folks
beslutning,decision
fedt,fat
midnatt,midnight
forstyrre,disturb
tung,heavy
truer,threatens
besatt,possessed
fuglen,the bird
øret,the ear
cox,cox
dødd,dead
femte,fifth
posten,the mail
grønn,green
planlegger,planning
tilby,offer
prøvede,tried
kontakter,contacts
fingeren,the finger
passende,appropriate
fremtid,future
gidder,bother
forbannet,cursed
feite,fatty
graven,the grave
kledd,dressed
spark,kick
lat,lazy
las,lock
bygd,built
tilfeldigvis,coincidentally
juling,beating
gullet,the gold
isen,the ice
presse,press
bundet,bound
typer,types
spion,spy
måneden,the month
behandling,treatment
framtid,future
tæt,close
skjorte,shirt
fjellene,mountains
leit,sad
sally,sally
kreft,cancer
tilbyr,offers
tvang,compulsion
bevæpnet,armed
innblandet,involved
risikerer,risks
navnene,the names
go,good
sjokk,shock
skremmende,terrifying
oversatt,translated
ost,East
sikte,aim
klient,client
franske,French
tillit,trust
reed,reed
fitte,pussy
klager,complaints
avisene,the newspapers
dæven,the devil
narr,fool
morn,morn
stukket,stung
spore,trace
sal,saddle
fantasi,imagination
kilden,the source
benjamin,benjamin
tilbringe,spend
it,it
skriker,screams
nød,emergency
lysene,the lights
basert,based
derek,Derek
uge,week
kontrollen,the control
boks,box
dyrt,expensive
nathan,Nathan
inspektør,inspector
tuvok,two weeks
arm,arm
lederen,the manager
steg,rose
leie,rent
kontakte,contact
suksess,success
rimelig,reasonable
klapp,clap
boy,Bend
trykket,the pressure
kvarter,quarters
sjov,funny
ulike,different
sorg,sorrow
ilden,the fire
etterlot,left behind
boss,boss
vietnam,Vietnam
kontrakt,contract
koste,cost
dick,dick
hardere,have you
kuler,balls
innse,realize
kidnappet,kidnapped
lukke,close
ballene,the balls
stanset,stopped
nevnt,mentioned
vakter,guards
boksen,the box
dom,judgement
yeah,yeah
hotel,hotel
kart,map
piss,piss
lavede,made
sjarmerende,charming
skjorta,the shirt
private,private
ansatt,employee
sinn,mind
frie,free
spanderer,treats
knuser,crushes
fengslet,imprisoned
april,April
pisspreik,piss spreik
røven,the ass
computer,computer
sä,so
tænkt,thought
tulling,fooling around
moses,moss
overlevende,survivor
kursen,the course
skitt,dirt
smiler,smiling
sannhet,truth
støtter,supports
muren,the wall
anne,Anne
grace,grace
heie,hey
idioten,the idiot
vampyr,vampire
knappen,the button
drevet,driven
fæl,ugly
kennedy,Kennedy
todd,todd
skrike,scream
slave,slave
stjernene,the stars
risikere,risk
fysisk,physical
freddy,freddy
nyte,enjoy
russisk,Russian
fornøyelse,amusement
spøker,jokes
hoid,hold
bring,bring
piller,pills
diego,Diego
kommandoen,the command
evighet,eternity
rettferdighet,fairness
faktum,fact
gary,gary
sayid,said
urettferdig,unjust
rede,nest
bevege,move
byens,the city's
godeste,best
lukker,closes
evne,ability
assistent,assistant
høyeste,highest
elizabeth,elizabeth
norman,norman
vincent,vincent
sag,saw
offiser,officer
amerikanerne,the americans
kranglet,argued
direktør,director
locke,locks
skiftet,the shift
pakker,packages
lukte,smell
graver,digs
suge,suck
jakken,the jacket
tegnet,drawn
school,school
nat,night
glor,glares
ah,ah
tusenvis,thousands
betydde,meant
lagd,made
forleden,the other day
trene,exercise
rapporter,reports
sandy,sandy
fyre,guys
bruger,user
bestilte,ordered
såre,wound
trussel,threat
øjne,eyes
sluppet,released
lista,list
sky,cloud
tjue,twenty
señor,señor
slut,end
hellig,holy
more,more
makten,the power
stranda,the beach
problemene,the problems
desperat,desperate
sliten,tired
beundrer,admirer
ekteskapet,the marriage
magiske,magical
følelsene,the feelings
brown,brown
universet,the universe
normale,normal
løst,solved
avdelingen,the department
tvinge,force
imponert,impressed
nærme,approach
cooper,cooper
nettet,the web
spørge,ask
definitivt,definitely
steinen,the stone
group,group
tabbe,blunder
salt,salt
kaos,chaos
rob,rob
sykt,sick
fjeset,the face
scene,stage
cowboy,cowboy
barry,barry
livets,of life
rakk,managed
firma,company
speilet,the mirror
antagelig,presumably
varmen,the heat
nysgjerrig,curious
lukten,the smell
arrestere,arrest
frankie,Frankie
vic,vic
sandheden,the truth
mobilen,the mobile phone
von,von
øy,island
reisen,the journey
grusomt,horrible
mordet,the murder
grønt,green
steng,close
id,id
teknologi,technology
læg,calf
jøder,Jews
russland,Russia
ellen,ellen
satser,rates
hundene,the dogs
canada,canada
ondskap,evil
milde,gentle
stiger,ladders
strøm,current
bønner,beans
sue,Sue
tåpelig,foolish
skyss,ride
søk,search
søta,cutie
jessica,jessica
tilgir,forgives
usas,usa
gatene,the streets
dødelig,deadly
gennem,through
begynder,begins
scofield,scofield
klassen,the class
hundrevis,hundreds
overta,take over
vasker,washes
straff,penalty
tunge,tongue
katastrofe,disaster
juli,July
kinesisk,Chinese
drittsekker,shitbags
slog,beat
raymond,Raymond
homo,gay
kokain,cocaine
forlat,leave
bevegelse,motion
ambulanse,ambulance
amanda,amanda
male,measure
studere,study
sikret,secured
offeret,the victim
smuk,beautiful
pisse,piss
baller,balls
knullet,fucked
opprørt,upset
detaljer,details
synder,sinner
værelse,the room
sparker,kicks
kunder,customers
amerikaner,American
green,green
betty,Betty
blair,Blair
one,one
præcis,exactly
pá,on
grand,grand
tauet,the rope
melder,reports
enorm,huge
elleve,eleven
tilstand,state
teori,theory
hviler,resting
kontakten,the contact
stanley,Stanley
basen,the base
ho,ho
framover,forward
trening,exercise
tilfeldig,random
soldatene,the soldiers
begravelsen,the funeral
revet,torn
krangle,quarrel
drapet,the murder
forkert,wrong
lisbeth,Lisbeth
forventet,expected
opplevd,experienced
invitere,invite
syng,sing
regningen,the bill
dress,suit
geværet,the rifle
feit,fat
sinnet,the mind
japansk,Japanese
house,house
afsted,away
formue,fortune
kunnet,could
avgjørelse,decision
venninne,friend
fortjente,deserved
kunde,customer
desto,the more
sannelig,indeed
soverommet,the bedroom
skift,shift
linjen,the line
tips,tips
motoren,the engine
tester,tests
samfunnet,society
benny,Benny
janeway,janeway
skitten,filthy
sdi,sd
rykte,reputation
gate,street
fornuftig,reasonable
times,hours
ordren,the order
olje,oil
video,video
konstabel,constable
kke,no
vigtigt,important
batman,batman
neelix,neelix
rektor,headmaster
skygge,shade
sans,sense
halvtime,half an hour
stirrer,stares
sikt,sight
rygg,back
berlin,berlin
ektemann,husband
bandet,the band
hal,hall
vasket,washed
idag,Today
irriterende,irritating
jersey,jersey
utstyr,equipment
angrer,regrets
gule,yellow
kanal,channel
ruby,ruby
helikopter,helicopter
klage,complain
himmel,heaven
sittende,sitting
forbrytelse,crime
nedover,downwards
ropte,shouted
føltes,felt
walt,walt
tt,tt
kalder,calling
ronnie,Ronnie
tillegg,addition
skiltet,the sign
stormen,the storm
trukket,drawn
natur,nature
overflaten,the surface
hjemmefra,from home
ekspert,expert
utenom,except
udenfor,outside
avgjort,settled
rykter,rumours
avsluttet,concluded
generalen,the general
jakke,jacket
pupper,tits
slip,slip
forældre,parents
journalist,journalist
oppføre,behave
prøven,the sample
stykket,the piece
helikopteret,the helicopter
held,luck
endrer,changing
biblioteket,the library
øve,practice
klok,wise
utviklet,developed
sinne,anger
sawyer,sawyer
sebastian,sebastian
forsøke,attempt
tvunget,forced
tillater,allows
kristus,Christ
spansk,Spanish
september,September
pearl,pearl
politikk,policy
tiger,tiger
sætte,put
alligevel,anyway
rotta,rat
troen,the faith
mordere,murderers
familier,families
minnet,the memory
gjem,hide
krysset,crossed
elaine,Elaine
jada,Yes
seth,Seth
overbevist,convinced
alkohol,alcohol
sønner,sons
lander,lands
teit,silly
lønn,payment
forlovet,engaged
vart,lasted
stede,present
sultne,hungry
heks,witch
seint,late
julenissen,Santa Claus
paulie,Paulie
landets,of the country
dyrene,the animals
oppi,up
fangene,the prisoners
overgi,surrender
markedet,the market
glasset,the glass
marinen,the navy
kramer,hugs
forsikre,insure
madame,ma'am
rollen,the role
skrek,screamed
buddy,buddy
trykke,print
rase,race
bestilt,ordered
skrik,scream
fjerner,removes
sloss,fight
fetter,cousin
hemmeligheten,the secret
hannah,hannah
hørtes,was heard
fyrer,guys
led,suffered
senatet,the senate
ross,ross
dræbt,killed
trappen,the stairs
tilbød,offered
fødselsdag,birthday
umiddelbart,immediately
overbevise,convince
roligt,calmly
nancy,nancy
jamen,well
forfatter,author
fremme,advance
fortid,past
drage,dragon
italiensk,Italian
låter,tunes
innser,realize
kirke,church
vend,turn
hoved,main
pasienter,patients
carrie,carry
skille,separate
spania,Spain
avsløre,disclose
cirka,approximately
lawrence,Lawrence
maskin,machine
luk,close
mellem,between
sørover,southwards
telle,count
roe,calmness
lignende,the like
forskning,research
bortkastet,wasted
little,little
eve,Eve
barbara,Barbara
stark,strong
bytter,change
vognen,the cart
svake,weak
bukser,pants
søke,seek
andrew,andrew
lily,lily
fjols,fool
cindy,cindy
brua,the bridge
ringede,called
find,find
spil,games
jin,gin
ideen,the idea
trives,thrive
jakte,hunt
storartet,magnificent
kvalm,nauseous
anderson,anderson
røv,ass
mektig,powerful
vekket,awakened
bomber,bomber
julia,Julia
sand,sandy
forhandle,negotiate
fuld,full
tisse,Pee
værsgo,good weather
kroner,NOK
rømte,escaped
begå,commit
innså,realized
pastor,pastor
sentrum,downtown
muligt,possible
kyle,cold
stjerner,stars
rotte,rat
løfter,promises
skulderen,the shoulder
fyller,fills
island,Iceland
ører,ears
fabrikken,the factory
santa,Santa
dexter,dexter
chef,chief
hjælper,helps
knærne,the knees
forestillingen,the performance
oppnå,achieve
fæle,hideous
Carlos,Carlos
fortsatte,continued
kjerring,old woman
Houston,Houston
ligeglad,don't care
antakelig,probably
naturen,nature
bind,volumes
låse,lock
bygde,built
nevne,mention
vinteren,the winter
niks,nothing
lyn,lightning
grå,grey
jøde,Jew
ledet,led
sparer,saving
bygning,building
rotter,roots
utføre,perform
avgjøre,decide
biff,steak
forsvaret,the defense
stjernen,the star
plads,space
cobb,cobb
oppførsel,behavior
sanger,singer
døgnet,around the clock
overraske,surprise
cm,cm
christopher,christopher
jamie,jamie
fascinerende,fascinating
lnn,lnn
tjente,served
hengt,hanged
medisinen,the medicine
dømme,judge
godtar,accepts
delte,shared
døv,deaf
fordel,advantage
vinder,wins
politisk,political
ryktet,the rumor
bakover,backwards
alarmen,the alarm
forstar,understand
blikk,glance
dusj,shower
november,November
presis,accurate
grant,grant
enkle,simple
inviterte,invited
butikk,shop
smarte,smart
bernie,Bernie
reparere,repair
fornuft,common sense
mektige,powerful
trolig,probably
trærne,the trees
dusin,dozen
baseball,baseball
hate,hate
cuba,cuba
club,club
yo,yo
stolthet,pride
on,Wed
gid,please
nydelige,lovely
tilbudet,the offer
styret,the board
legene,the doctors
kollega,colleague
lewis,lewis
pikk,dick
etterforsker,investigator
våt,wet
rev,Fox
grad,degree
band,band
fjell,Mountain
samvittighet,conscience
kysten,Coast
murphy,murphy
rejse,travel
tørst,thirst
plukket,picked
brakk,fallow
baker,bakes
betydning,importance
fordømt,condemned
sverige,Sweden
sigaretter,cigarettes
begått,committed
andel,share
lande,country
sverget,swore
josh,josh
robinson,robinson
stu,stu
bena,the legs
gruppen,the group
befinner,located
nyter,enjoying
vask,wash
fingeravtrykk,fingerprint
duke,tablecloth
donna,donna
øker,increases
forklar,explain
flyktet,fled
slaver,slaves
begrave,bury
intelligent,intelligent
senk,lower
dypere,deeper
sinnssyk,insane
kassen,the box
beder,prays
værre,worse
molly,molly
oscar,oscar
jungelen,the jungle
siktet,charged
humor,mood
bunnen,the bottom
forsvarer,Defender
billett,ticket
føtter,feet
taylor,Taylor
handling,action
modell,model
tilgang,access
aaron,Aaron
jd,jd
hilsen,greeting
tekster,texts
resultatet,the result
skjærer,cuts
oppdager,discovers
gjestene,guests
anledning,occasion
brenn,burn
rot,root
julen,Christmas
county,county
frykten,the fear
tøffe,tough
uger,weeks
motstand,resistance
lur,nap
plukke,pick
trent,trained
støv,dust
mellomtiden,the meantime
nordover,North
slange,hose
brudd,break
piken,the girl
kontrakten,the contract
grusom,cruel
snut,muzzle
sætter,looked for
alexander,alexander
kelso,Kelso
lenny,Lenny
hårdt,hard
pakken,the package
praktisk,practical
forandring,change
ms,etc
daisy,daisies
hænder,hands
magisk,Magical
skadd,injury
kjennes,can be felt
kirk,church
drenge,boys
enhet,unit
ali,ali
jill,jill
øje,eye
kvinder,women
stilte,silenced
tjent,earned
gangs,hallway
tårnet,the tower
enna,yet
bevare,preserve
innsiden,the inside
enterprise,enterprise
norske,Norwegian
vanskelige,difficult
forberede,prepare
avhengig,dependent
dude,dude
rørte,stirred
juni,June
corleone,corleone
darryl,darryl
hang,hung
inneholder,contains
godta,accept
utført,done
alles,everyone's
læreren,the teacher
veska,purse
skjermen,the screen
dræber,kills
arbejdet,the work
skyldes,is due
utvei,way out
sigarett,cigarette
korporal,corporal
haster,urgent
representerer,representing
dikt,poem
pokkers,dammit
harris,harris
psykiater,psychiatrist
nabolaget,the neighborhood
tøj,clothes
chakotay,chakotay
eh,eh
grenser,borders
søstre,sisters
harde,hard
nådd,reached
forgiftet,poisoned
forretning,business
klokke,clock
løftet,attic
kortene,the cards
midlertidig,temporary
gus,gus
innpå,in on
albert,Albert
advarer,warns
utrolige,incredible
seinere,later
stoffet,the substance
feirer,celebrating
militære,military
jonathan,Jonathan
serien,the series
datamaskinen,the computer
clay,clay
virus,virus
tvinger,forces
brillene,the glasses
uskadd,unharmed
wall,wall
tiders,times
garasjen,the garage
menig,Private
presten,the priest
buksa,the pants
mal,goal
øjnene,the eyes
findes,are found
ron,ron
prue,taste
ia,i.a
blikket,the gaze
mate,feed
status,status
sol,sun
forrest,at the front
brooklyn,brooklyn
milliarder,billions
jennifer,Jennifer
clark,clark
jay,yay
godmorgen,good morning
egypt,Egypt
inntrykk,impression
drinker,drinks
forstyrret,disturbed
vennskap,friendship
søppel,garbage
ma'am,ma'am
eieren,the owner
trær,trees
iiker,iike
sludder,nonsense
bingo,bingo
besked,message
tillykke,good luck
puppene,the tits
forbannelse,curse
bibelen,the bible
sykkelen,the bike
presser,presses
ej,not
art,species
tynn,thin
uniform,uniform
årets,of the year
rå,raw
jakter,hunting
snø,snow
trykker,presses
cola,coke
goddag,good day
manden,the man
gider,bother
mm,etc
søde,cute
kysser,kisses
tunnelen,the tunnel
oet,oet
walker,walker
karrieren,the career
lane,borrow
lomma,pocket
slottet,the castle
frekk,rude
feste,attach
kompisen,the buddy
engelske,English
turner,gymnast
mulige,possible
blande,mix
kjempebra,Very good
offisielt,official
hverken,neither
briller,glasses
steiner,stones
enormt,enormously
gwen,gwen
svi,sting
åstedet,the crime scene
maleriet,the painting
sydney,sydney
tau,rope
forsiktige,careful
bagasjen,the luggage
pappas,dad's
vurdere,consider
ku,cow
lloyd,lloyd
ansigt,face
ofret,the victim
vakreste,most beautiful
fattige,poor
admiral,admiral
tilhørte,belonged to
brakt,brought
ass,ass
golf,golf
hor,whore
hugo,Hugo
godnat,good night
vand,water
elvis,Elvis
våres,ours
dytt,pushed
betal,pay
bart,mustache
celle,cell
dusjen,the shower
krone,crown
jævler,bastards
heroin,heroin
aftale,agreement
ricky,ricky
fucking,fucking
daggry,dawn
kjeder,chains
bursdag,birthday
drømmene,the dreams
kansas,Kansas
menneskelige,human
nakne,naked
grep,grip
prosjekt,project
lfølge,following
ånden,the spirit
tropp,troop
brydde,cared
jager,chasing
menneskeheten,humanity
mistenkt,suspect
pilot,pilot
akseptere,accept
russell,Russell
overstått,over
inkludert,including
flokken,the flock
feiging,coward
brakte,brought
vakten,the guard
vitnet,the witness
vanvittig,crazy
bursdagen,the birthday
skallen,the skull
levert,delivered
rope,reveal
sport,sport
lånte,borrowed
samarbeide,cooperate
leken,playful
fiske,fishing
kors,cross
kriminelle,criminals
kutter,cutter
britiske,British
moskva,Moscow
anderledes,differently
gandalv,gandalf
viruset,the virus
fandens,damn it
vanskeligere,more difficult
innsats,effort
danset,danced
skremt,scared
idiotisk,idiotic
advarte,warned
sliter,struggling
lån,loan
ærede,honorable
forårsaket,caused
jesse,Jesus
sprit,booze
kærlighed,love
rita,draw
lod,plumb line
sikkerhed,security
tokyo,tokyo
kne,knee
varene,the goods
skjønn,beautiful
delt,shared
casey,casey
tank,tank
skiller,separates
unnskyid,sorry
minus,minus
flykter,flees
blue,blue
bjørn,bear
festlig,festive
bitt,bite
tallene,the numbers
informasjonen,the information
felix,felix
styrker,strengths
wallace,Wallace
maler,painter
kilde,source
holly,holly
fortapt,lost
dansen,the dance
mørk,dark
buss,bus
shaw,shaw
fetteren,cousin
broa,the bridge
sidst,lastly
elev,pupil
verdig,worthy
blåse,blow
helter,heroes
avenue,avenue
drite,crap
rumpe,rump
nate,Nate
kør,choir
vejret,the weather
makker,mate
pam,pam
dastan,dastan
helg,weekend
svær,severe
usynlig,invisible
blomstene,the flowers
helten,the hero
binde,bind
dets,its
fugler,birds
willie,willie
spøkelse,ghost
vampyrer,vampires
fox,fox
penn,pen
sikke,for sure
løbe,run
begyndte,began
diane,Diane
kes,kes
overens,agree
anklager,accusing
revolveren,the revolver
oppleve,experience
vogna,the carriage
konsentrer,concentrate
mai,May
baksiden,the back
tyder,suggest
telefoner,telephones
tørr,dry
latter,laughter
stilt,silenced
stanser,stops
sprer,spreads
dårligt,bad
nicholas,nicholas
hjerter,hearts
ammunisjon,ammunition
dermed,thus
hensikt,purpose
påstår,claims
filme,film
applaus,applause
spørger,asks
holdes,is held
mene,mean
ulykkelig,unhappy
farta,speed up
stående,standing
vekt,weight
mesteren,the master
følsom,sensitive
købe,buy
hertil,here
angela,Angel
demon,demon
pierre,Pierre
feig,coward
røret,the pipe
rop,cry
vedde,bet
spenn,span
øm,about
tvers,across
klippe,cliff
leverer,delivers
raketter,rockets
håndtere,handle
skyder,clouds
friske,fresh
elendige,miserable
planene,the plans
krangler,fighting
leir,camp
justin,justin
erjo,is
skjoldene,the shields
huet,hat
forstået,understood
mist,lost
timene,the hours
femti,fifty
vogn,wagon
vinger,wings
fyll,fill
rettigheter,rights
beveg,move
ford,forward
east,east
kg,kg
ofrene,the victims
sun,Sun
rakettene,the rockets
summer,hums
eva,Eva
straffen,the punishment
plaget,bothered
smør,butter
overtale,persuade
suppe,soup
sovnet,asleep
ashley,Ashley
flukt,escape
jaget,chased
eldste,oldest
fester,parties
militæret,the military
blinde,blind
skipene,the ships
merr,more
keith,Keith
noah,noah
kid,kid
mick,mick
juliet,July
desmond,Desmond
fischer,fishermen
armer,arms
hurra,hurray
insisterer,insists
måltid,meal
består,pass
guttungen,the boy
midler,funds
herrens,the master's
feber,fever
utover,beyond
skyggen,the shadow
vind,wind
beordret,ordered
besøker,visiting
mislykkes,fail
white,white
raske,fast
sjåfør,driver
forbered,prepare
medisinsk,medical
borgermesteren,the mayor
tess,thess
vesen,being
vodka,vodka
søstera,the sister
kødde,meat
baxter,baxter
sookie,sookie
populær,popular
forræder,traitor
råtne,rotten
forhindre,prevent
dorothy,dorothy
bestandig,always
partnere,partners
franklin,franklin
skudt,shot
syg,sick
dyret,the animal
profesjonell,professional
mystisk,mysterious
overraskende,surprising
tjenester,services
hensyn,consideration
margaret,Margaret
emily,Emily
uventet,unexpected
konstant,constant
nyttig,useful
ulv,wolf
seattle,seattle
ape,monkey
detroit,Detroit
flau,embarrassed
jakka,jacket
enheter,units
sidde,sit
mærke,brand
horton,horton
woody,woody
kick,kick
svømmer,swimming
jess,jeez
fyrene,the guys
stillhet,silence
grundig,thorough
kontaktet,contacted
kjøleskapet,the refrigerator
fullføre,complete
august,August
lam,lamb
fisker,fisherman
bokser,boxer
base,base
gjör,do
otto,Otto
omringet,surrounded
fattig,poor
krysse,cross
knyttet,attached
pat,pat
grusomme,cruel
travis,travis
løslatt,released
træt,tired
merlin,merlin
kendte,known
enklere,simpler
hevet,raised
tålmodig,patient
lig,corpse
forlovede,fiancé
teppet,the carpet
handel,trade
lovlig,lawful
perry,Perry
veidig,vastly
svikter,fails
dumpet,dumped
kjapp,quick
naboen,the neighbor
likene,the corpses
warp,warp
blander,mix
india,India
stress,stress
wade,wade
trøst,comfort
brente,burned
sinna,mind
teppe,carpet
galning,madman
omvendt,reverse
oppgaven,the task
spørsmålene,the questions
javisst,sure
jobba,work
skyde,shoot
skamme,shame
vinneren,the winner
stillingen,the position
vesten,the west
testen,the test
ettersom,eventually
kameraten,the mate
frykte,fear
uflaks,unlucky
tidspunktet,the time
besluttet,decided
hodepine,headache
tungen,the tongue
hæ,what
judy,judy
misforståelse,misconception
kontrollerer,controls
tristan,tristan
cameron,cameron
bassenget,the pool
fremover,forwards
kur,cure
spart,saved
knep,trick
last,cargo
vindu,window
begikk,committed
slemt,bad
hmm,hmm
elever,pupils
behagelig,agreeable
halen,the tail
nytter,benefits
reaksjon,reaction
koma,coma
marshall,Marshall
derinde,in there
earl,earl
øh,uh
følgende,following
fornærmet,insulted
kongens,the king's
riket,the kingdom
istedenfor,instead of
skinner,shine
gaven,the gift
dukk,doll
friheten,the freedom
risiko,risk
lars,Lars
th,th
rodney,rodney
forsøkt,tried
troll,troll
trengt,needed
nært,close
forsikring,insurance
motta,receive
daniels,Daniels
är,year
godkjent,approved
vesken,the bag
ødelegg,destroy
salen,the hall
obersten,the colonel
katter,cats
våren,the spring
etterlater,leaves behind
nedenunder,below
ankommer,arrives
bransjen,the industry
vrede,anger
phillip,philip
leide,rented
pasientene,the patients
utroligt,unbelievable
gj,ex
skyd,shoot
robot,robot
benet,the leg
fangen,the prisoner
føl,foal
skjær,cut
blomst,flower
mitch,Mitch
arizona,Arizona
fisken,the fish
håndjern,handcuffs
davis,Davis
torres,dried
unødvendig,unnecessary
skjulte,hidden
steven,Steve
smerter,pains
hovedkvarteret,headquarters
vitenskap,science
styrbord,starboard
fremad,forward
gjengjeld,in return
artig,fun
fenrik,ensign
overtar,take over
esken,the box
interessante,interesting
dennis,Dennis
troy,troy
rebecca,rebecca
samantha,Samantha
straffet,punished
vri,twist
ubehagelig,unpleasant
lastebil,truck
landsby,village
anbefaler,recommend
styrken,the strength
avgjør,decide
gin,gin
forbli,stay
ekstremt,extremely
stasjon,station
virginia,virginia
road,road
south,south
knapp,button
klatrer,climber
druknet,drowned
piper,pipes
sinte,angry
allen,everyone
lastebilen,the truck
løser,resolves
hector,hector
verdenen,the world
søm,as
vince,Vince
værd,worth
hughes,Hughes
gotham,gotham
tjenesten,the service
seile,sail
baltimore,baltimore
akt,act
havne,port
besøkte,visited
straffe,punish
høflig,polite
vinduene,the windows
løyet,lied
rekkevidde,range
hadet,good bye
serie,series
ændre,to change
li,li
richie,Richie
rettssaken,the trial
dødt,dead
jøsses,jeez
siik,siik
fleiper,joking
beskrive,describe
blandet,mixed
dessert,dessert
sherman,Sherman
barnebarn,grandson
drinken,the drink
rane,rob
småen,the little one
bekrefte,confirm
dét,the
tal,numbers
beach,beach
hevder,claims
montana,Montana
reagerer,reacts
derude,out there
mødes,meet
posen,the bag
skør,crazy
oppfør,behave
kapittel,chapter
betaling,payment
livene,the lives
haug,heap
kjenn,know
dobbel,double
treff,meet
utsikt,view
kvart,quarter
may,May
teste,test
øverst,at the top
sekretær,secretary
heng,hang
antonio,Antonio
èn,one
connor,connor
olivia,Olivia
kryp,creep
bruden,the bride
bær,berry
tillate,allow
enorme,enormous
plukker,picks
finger,finger
meldte,reported
prosjektet,the project
lake,Lake
garantert,guaranteed
fingre,fingers
rute,route
tilgivelse,forgiveness
pose,bag
haper,hope
nekte,deny
sikkerheten,the security
dragen,the dragon
steinene,the stones
hilser,greetings
lojalitet,loyalty
nærmest,closest
alternativ,option
ulykken,the accident
uhyre,monster
samling,collection
long,long
bagen,the bag
kjaere,bro
krise,crisis
robin,robin
lavere,lower
gevær,rifle
felt,field
tara,tare
williams,williams
overfalt,assaulted
victoria,victoria
jage,chase
rømt,escaped
avis,newspaper
gammeldags,old fashioned
rattet,the steering wheel
innbrudd,burglary
keiser,emperor
byer,cities
kunstner,artist
samfunn,society
roman,novel
højre,right
fu,phew
lillebror,little brother
studerer,studying
fineste,finest
lengst,the longest
jonas,Jonas
uhøflig,rude
synker,sinks
testet,tested
ledelsen,the management
lev,live
jaha,yes
fungerte,worked
kasse,box
vinde,win
dyre,expensive
grip,grip
skilles,separate
kaken,the cake
skurk,villain
nårjeg,when I
begravd,buried
eksploderer,explodes
opptak,recording
arr,scar
sivile,civilians
sug,suction
luther,Luther
teamet,the team
mobil,mobile
træk,drag
skød,shot
billede,picture
mindste,smallest
sykdommen,the disease
leppene,the lips
pussig,weird
kø,queue
detaljene,the details
skåret,cut
sendes,is sent
ekle,disgusting
mason,Mason
bagasjerommet,the trunk
kula,bullet
mel,flour
randy,randy
bede,pray
knægt,kid
masken,the mask
nyheten,the news
merkelige,strange
fronten,the front
prinsessen,the princess
tragisk,tragic
opprør,rebellion
veggene,the walls
halvveis,half way
kaker,cakes
crane,crane
mynt,coin
sjette,sixth
gård,farm
duger,will do
foreløpig,for the time being
intervju,interview
louise,louise
konsentrere,concentrate
fatte,grasp
frelse,salvation
forste,first
right,right
balboa,balboa
sjakk,chess
forestilling,performance
kreftene,the forces
out,out
gress,grass
bly,lead
forbindelsen,the connection
bell,bell
nef,nose
kigger,looking
zodiac,zodiac
aiitid,time
studerte,studied
salg,sale
posisjonen,the position
egoistisk,selfish
bang,Bang
filmet,filmed
givet,granted
terapi,therapy
helmer,helmets
dejligt,nice
identifisere,identify
livstid,lifetime
delene,the parts
føde,give birth
beholdt,retained
koselig,cosy
juryen,the jury
tørke,drought
fiks,fixed
nissen,Santa
politifolk,police officers
mafiaen,the mafia
wendy,wendy
kig,look
hete,heat
evnen,the ability
antall,Number
favoritt,favorite
guder,gods
smile,smile
orleans,orleans
avhenger,depends
peker,pointing
språket,the language
velsignet,blessed
sprenger,explodes
begravet,buried
overgir,Surrender
kvitte,sign off
mississippi,mississippi
brus,soda
kane,sled
formål,purpose
øvelse,exercise
belønning,reward
alvorlige,serious
spy,puke
beltet,the belt
virkelighet,reality
mammaen,the mom
rådgiver,adviser
hurley,hurley
nese,nose
omgås,socialize
ytre,exterior
satse,bet
joseph,Joseph
forsyninger,supplies
advokater,lawyers
dyp,deep
bur,cage
spent,excited
låser,locks
forsterkninger,reinforcements
kameraer,cameras
patetisk,pathetic
brandon,Brandon
tas,taken
mickey,mickey
slangen,the snake
episode,episode
gina,gina
debbie,Debbie
demonen,the demon
nicky,nicky
krigere,warriors
tårer,tears
cash,cash
museet,the museum
vekker,wakes up
garanterer,guarantees
baken,the butt
brud,bride
stella,Stella
hule,cave
teorien,the theory
up,up
skjold,shield
martha,Martha
oversettelse,translation
mikey,Mikey
kay,kay
shelly,shelly
skarp,sharp
fredelig,peaceful
myk,soft
teater,Theatre
høyde,height
blått,blue
dropp,drop
kanin,rabbit
detektiv,detective
hills,hills
sykepleier,nurse
toby,toby
klør,itches
tispe,bitch
master,masters
spurgte,asked
neil,neil
enestående,outstanding
ienge,ieng
ukjente,unknown
bommet,missed
syne,sight
ballet,ballet
konto,account
droppe,drop
pistoler,pistols
lekte,played
vitsen,the joke
gleden,the joy
søkte,searched
frukt,fruit
avbryte,interrupt
uti,out
uttrykk,expression
kos,food
smakt,tasted
xenzai,xenzai
sjøl,self
ægte,real
buzz,buzz
vild,wild
pang,bang
tipper,tips
kikket,peeked
transport,transportation
flagget,the flag
diger,giants
samtaler,conversations
kreve,demand
vred,angry
lommeboka,the wallet
verdi,value
uttrykket,the expression
låste,locked
hv,wh
politiske,political
forlade,leave
peiling,bearing
prinsen,the prince
kanten,the edge
foreslå,suggest
lokal,local
innrømmer,admits
tjukken,the fat one
ridder,knight
australia,Australia
verk,works
aktivitet,Activity
hop,hop
ordfører,Mayor
kæmpe,fight
erklærer,declares
hurtig,fast
guvernør,governor
lester,reads
hytta,the cabin
bekrefter,confirms
bade,both
richards,richards
kjemp,fight
francis,Francis
negativ,negative
konger,kings
etterforskningen,the investigation
maximus,maximus
desværre,unfortunately
fase,phase
bønn,prayer
roser,roses
maken,the husband
støvlene,the boots
skuffe,disappoint
mottar,receives
drukne,drown
sikter,aims
svikte,failed
edru,sober
carson,carson
tonen,the tone
overraskelser,surprises
paradis,paradise
svinger,swings
allierte,Allies
overbetjent,superintendent
maske,mask
pater,father
lyse,bright
usikker,unsure
uniformen,the uniform
sjåføren,the driver
korte,short
rulle,roll
True,THREATEN
januar,January
caroline,caroline
sykestua,infirmary
kørte,drove
utvist,expelled
stige,ladder
flyter,floats
påvirket,affected
stuart,Stuart
frk,Ms
identitet,identity
mangel,lack
forstod,understood
underveis,along the way
trafikken,the traffic
militær,military
karakter,character
spring,spring
lara,Lara
kung,king
aktivert,enabled
påvirker,affect
central,central
styrte,overthrow
diamanter,diamonds
pillene,the pills
vendte,turned
direktøren,the director
skammer,shame
skatter,taxes
hjørne,corner
tropper,troops
mon,Mon
logisk,logical
smittet,infected
bernard,Bernard
røvhul,asshole
ira,anger
gloria,glory
vendt,facing
konkurranse,competition
oppover,upwards
offiserer,officers
vinen,the wine
påvirke,influence
oppdage,discover
rydd,tidy up
kompani,company
aviser,newspapers
indianere,Indians
daglig,daily
broadway,broadway
drakten,the suit
forsiden,the front page
bikkja,the bitch
vestover,westward
passere,pass
ubåten,the submarine
læse,read
humlesnurr,bumblebee
plasser,places
gul,yellow
streng,string
sullivan,sullivan
lykken,the luck
puls,pulse
førstebetjent,first officer
amerikas,America
plantet,planted
ønsk,desire
behandlingen,the treatment
ovnen,the oven
heather,heather
slås,fight
billeder,pictures
gabriel,Gabriel
brad,brad
jed,eat
oswald,Oswald
marissa,Marissa
sjenert,shy
konkurransen,the competition
billetten,the ticket
knipe,predicament
gjerdet,the fence
sårede,wounded
ruth,ruth
massevis,a lot
indianerne,the Indians
borgermester,mayor
løsningen,the solution
naboene,the neighbors
bekjempe,combat
apropos,speaking of
beroligende,Calming
vurderer,considering
herinde,in here
jævlene,the bastards
opplevelse,experience
svære,difficult
mannskap,crew
